,0
0,/google/googletest
1,/projectdiscovery/nuclei-templates
2,/digitalocean/nginxconfig.io
3,/flutter/flutter
4,/PaddlePaddle/PaddleOCR
5,/supabase/supabase
6,/felipefialho/frontend-challenges
7,/flutter/samples
8,/florinpop17/app-ideas
9,/charmbracelet/bubbletea
10,/huggingface/transformers
11,/databricks-academy/data-engineering-with-databricks
12,/Azure/azure-rest-api-specs
13,/terra-money/core
14,/actions/virtual-environments
15,/dotnet/aspnetcore
16,/danielgindi/Charts
17,/microsoft/unilm
18,/eugenp/tutorials
19,/elastic/kibana
20,/JuliaLang/julia
21,/ACM-Alexandria-SC/Internships
22,/mozilla/pdf.js
23,/serverless/serverless
24,/valinet/ExplorerPatcher
25,/facebookresearch/metaseq
26,/pyscript/pyscript
27,/education/GitHubGraduation-2022
28,/microsoft/Microsoft-3D-Movie-Maker
29,/microsoft/Web-Dev-For-Beginners
30,/gogs/gogs
31,/rustdesk/rustdesk
32,/Grasscutters/Grasscutter
33,/zadam/trilium
34,/tauri-apps/tauri
36,/NvChad/NvChad
37,/onceupon/Bash-Oneliner
38,/SebLague/Geographical-Adventures
39,/docker/awesome-compose
40,/bitwarden/clients
41,/microsoft/calculator
42,/appsmithorg/appsmith
43,/go-kratos/kratos
44,/microsoft/vscode
45,/aptos-labs/aptos-core
46,/copy/v86
47,/PHPMailer/PHPMailer
48,/DataTalksClub/mlops-zoomcamp
49,/alibaba/nacos
50,/alembics/disco-diffusion
51,/mastodon/mastodon
52,/microsoft/ML-For-Beginners
54,/openai/DALL-E
55,/pytube/pytube
56,/sunflower-land/sunflower-land
58,/MichaelCade/90DaysOfDevOps
59,/vlang/v
61,/bregman-arie/devops-exercises
62,/bevyengine/bevy
63,/PaddlePaddle/PaddleDetection
65,/Textualize/textual
66,/openai/CLIP
67,/papers-we-love/papers-we-love
68,/benbjohnson/litestream
69,/neovim/neovim
70,/firecracker-microvm/firecracker
71,/hashcat/hashcat
72,/caddyserver/caddy
73,/bradtraversy/50projects50days
74,/mikecao/umami
75,/30-seconds/30-seconds-of-code
76,/railsgirls/railsgirls.github.io
77,/railsbridge/docs
78,/freeCodeCamp/freeCodeCamp
79,/leachim6/hello-world
80,/datasciencemasters/go
81,/practical-tutorials/project-based-learning
82,/zhiwehu/Python-programming-exercises
83,/MunGell/awesome-for-beginners
84,/appacademy/welcome-to-open
85,/lostdesign/webgems
86,/kamranahmedse/developer-roadmap
87,/AMAI-GmbH/AI-Expert-Roadmap
88,/trekhleb/javascript-algorithms
90,/karan/Projects
91,/sindresorhus/awesome
92,/donnemartin/system-design-primer
93,/codecrafters-io/build-your-own-x
94,/public-apis/public-apis
95,/adobe/adobe.github.com
96,/RedHatOfficial/RedHatOfficial.github.io
97,/cfpb/cfpb.github.io
98,/Netflix/netflix.github.com
99,/Esri/esri.github.io
100,/square/square.github.io
101,/twitter/opensource-website
102,/guardian/guardian.github.com
103,/Yelp/yelp.github.io
104,/Shopify/shopify.github.com
105,/IBM/ibm.github.io
106,/microsoft/microsoft.github.io
107,/artsy/artsy.github.io
108,/OSGeo/osgeo
109,/godaddy/godaddy.github.io
110,/cloudflare/cloudflare.github.io
111,/eleme/eleme.github.io
112,/didi/didi.github.io
113,/alibaba/alibaba.github.com
114,/google/google.github.io
